1-8-2024, 19:50:53, /favicon.ico, 200
1-8-2024, 19:52:10, /1, 200
1-8-2024, 19:52:10, /favicon.ico, 200
1-8-2024, 19:52:18, /, 200
1-8-2024, 19:52:18, /favicon.ico, 200
1-8-2024, 19:52:24, /abv, 200
1-8-2024, 19:52:24, /favicon.ico, 200
1-8-2024, 19:52:33, /abv?pra=5, 200
1-8-2024, 19:52:33, /favicon.ico, 200
1/8/2024, 19:54:6, /abv?pra=5, 200
1/8/2024, 19:54:6, /favicon.ico, 200
1/8/2024, 19:55:26, /test1, 200
1/8/2024, 19:55:26, /favicon.ico, 200
1:8:2024, 19:56:28, /test1, 200
1:8:2024, 19:56:28, /favicon.ico, 200
1/8/2024, 19:57:37, /test2, 200
1/8/2024, 19:57:37, /favicon.ico, 200
1/8/2024, 19:57:39, /test2, 200
1/8/2024, 19:57:39, /favicon.ico, 200
1/8/2024, 20:3:18, /test2, 200
1/8/2024, 20:3:18, /favicon.ico, 200
1/8/2024, 20:4:3, /test2, ::1, 200
1/8/2024, 20:4:3, /favicon.ico, ::1, 200
1/8/2024, 20:4:10, /test3, ::1, 200
1/8/2024, 20:4:10, /favicon.ico, ::1, 200
1/8/2024, 20:4:40, /test3, ::1, 200
1/8/2024, 20:4:40, /favicon.ico, ::1, 200
1/8/2024, 20:4:47, /test4, ::1, 200
1/8/2024, 20:4:47, /favicon.ico, ::1, 200
1/8/2024, 20:6:10, /test4, ::1, 200
1/8/2024, 20:6:10, /favicon.ico, ::1, 200
1/8/2024, 20:6:16, /test4, ::1, 200
1/8/2024, 20:6:16, /favicon.ico, ::1, 200
1/8/2024, 20:9:35, /test4, ::1, 200
1/8/2024, 20:11:12, /test4, ::1, 200
1/8/2024, 20:11:39, /test4, ::1, 200
1/8/2024, 20:11:39, /favicon.ico, ::1, 200
1/8/2024, 20:12:39, /test5, ::1, 200
1/8/2024, 20:12:39, /favicon.ico, ::1, 200
2/8/2024, 0:39:24, /, ::1, 200
2/8/2024, 0:39:24, /favicon.ico, ::1, 200
2/8/2024, 0:39:36, /, ::1, 200
2/8/2024, 0:39:36, /favicon.ico, ::1, 200
2/8/2024, 0:39:37, /, ::1, 200
2/8/2024, 0:39:37, /favicon.ico, ::1, 200
2/8/2024, 0:39:37, /, ::1, 200
2/8/2024, 0:39:37, /favicon.ico, ::1, 200
2/8/2024, 0:39:37, /, ::1, 200
2/8/2024, 0:39:37, /favicon.ico, ::1, 200
2/8/2024, 0:40:46, /, ::1, 200
2/8/2024, 0:40:47, /, ::1, 200
2/8/2024, 0:40:49, /, ::1, 200
2/8/2024, 0:40:50, /, ::1, 200
2/8/2024, 0:40:51, /, ::1, 200
2/8/2024, 0:40:52, /, ::1, 200
2/8/2024, 0:40:52, /, ::1, 200
2/8/2024, 0:40:53, /, ::1, 200
2/8/2024, 0:40:54, /, ::1, 200
2/8/2024, 0:40:56, /, ::1, 200
2/8/2024, 12:7:52, /a, ::1, 200
2/8/2024, 12:8:10, /b, ::1, 200
2/8/2024, 12:8:36, /b, ::1, 200
2/8/2024, 12:8:37, /b, ::1, 200
2/8/2024, 12:8:39, /b, ::1, 200
2/8/2024, 12:8:40, /b, ::1, 200
2/8/2024, 12:8:41, /b, ::1, 200
2/8/2024, 12:8:43, /b, ::1, 200
2/8/2024, 12:8:44, /b, ::1, 200
2/8/2024, 12:8:46, /b, ::1, 200
2/8/2024, 12:10:57, /c, ::1, 200
2/8/2024, 12:10:59, /c, ::1, 200
2/8/2024, 12:11:1, /c, ::1, 200
2/8/2024, 12:11:5, /c, ::1, 200
2/8/2024, 12:11:8, /c, ::1, 200
2/8/2024, 12:11:9, /c, ::1, 200
2/8/2024, 12:11:10, /c, ::1, 200
2/8/2024, 12:11:12, /c, ::1, 200
2/8/2024, 12:11:12, /c, ::1, 200
2/8/2024, 12:11:15, /c, ::1, 200
2/8/2024, 12:12:6, /c, ::1, 200
2/8/2024, 12:12:10, /c, ::1, 200
2/8/2024, 12:12:10, /c, ::1, 200
2/8/2024, 12:12:11, /c, ::1, 200
2/8/2024, 12:12:11, /c, ::1, 200
2/8/2024, 12:12:11, /c, ::1, 200
2/8/2024, 12:12:17, /c, ::1, 200
2/8/2024, 12:12:18, /c, ::1, 200
2/8/2024, 12:12:18, /c, ::1, 200
2/8/2024, 12:12:19, /c, ::1, 200
2/8/2024, 12:15:38, /c, ::1, 200
2/8/2024, 12:15:39, /c, ::1, 200
2/8/2024, 12:15:40, /c, ::1, 200
2/8/2024, 12:15:40, /c, ::1, 200
2/8/2024, 12:15:40, /c, ::1, 200
2/8/2024, 12:15:40, /c, ::1, 200
2/8/2024, 12:15:41, /c, ::1, 200
2/8/2024, 12:15:42, /c, ::1, 200
2/8/2024, 12:15:42, /c, ::1, 200
2/8/2024, 12:15:43, /c, ::1, 200
2/8/2024, 12:17:59, /c, ::1, 200
2/8/2024, 12:18:1, /c, ::1, 200
2/8/2024, 12:18:2, /c, ::1, 200
2/8/2024, 12:22:47, /d, ::1, 200
2/8/2024, 12:22:49, /d, ::1, 200
2/8/2024, 12:22:50, /d, ::1, 200
2/8/2024, 12:22:50, /d, ::1, 200
2/8/2024, 12:22:51, /d, ::1, 200
2/8/2024, 12:22:51, /d, ::1, 200
2/8/2024, 12:22:52, /d, ::1, 200
2/8/2024, 12:22:57, /d, ::1, 200
2/8/2024, 12:22:59, /d, ::1, 200
2/8/2024, 12:23:0, /d, ::1, 200
2/8/2024, 12:36:2, /, ::1, 200
2/8/2024, 12:36:9, /, ::1, 200
2/8/2024, 12:36:10, /, ::1, 200
2/8/2024, 12:36:10, /, ::1, 200
2/8/2024, 12:36:10, /, ::1, 200
2/8/2024, 12:36:11, /, ::1, 200
2/8/2024, 12:36:11, /, ::1, 200
2/8/2024, 12:36:13, /, ::1, 200
2/8/2024, 12:36:14, /, ::1, 200
2/8/2024, 12:36:14, /, ::1, 200
2/8/2024, 12:38:25, /about, ::1, 200
2/8/2024, 12:38:33, /contact, ::1, 200
2/8/2024, 12:38:36, /contact, ::1, 200
2/8/2024, 12:38:39, /contact, ::1, 200
2/8/2024, 12:38:41, /contact, ::1, 200
2/8/2024, 12:42:29, /contact, ::1, 200
2/8/2024, 12:42:30, /contact, ::1, 200
2/8/2024, 12:42:30, /contact, ::1, 200
2/8/2024, 12:42:31, /contact, ::1, 200
2/8/2024, 12:42:31, /contact, ::1, 200
2/8/2024, 12:42:32, /contact, ::1, 200
2/8/2024, 12:42:32, /contact, ::1, 200
2/8/2024, 12:42:32, /contact, ::1, 200
2/8/2024, 12:42:33, /contact, ::1, 200
2/8/2024, 12:42:33, /contact, ::1, 200
